Aitkin: http://www.co.aitkin.mn.us/
Anoka: https://www.anokacountymn.gov/
Becker: http://www.co.becker.mn.us/
Beltrami: https://www.co.beltrami.mn.us/
Benton: http://www.co.benton.mn.us/
Big Stone: https://www.bigstonecounty.gov/
Blue Earth: http://www.blueearthcountymn.gov/
Brown: http://www.co.brown.mn.us/
Carlton: http://www.co.carlton.mn.us/
Carver: http://www.co.carver.mn.us/
Cass: http://www.co.cass.mn.us/
Chippewa: http://www.co.chippewa.mn.us/
Chisago: https://www.chisagocountymn.gov/
Clay: http://www.co.clay.mn.us/
Clearwater: http://www.co.clearwater.mn.us/
Cook: http://www.co.cook.mn.us/
Cottonwood: http://www.co.cottonwood.mn.us/
Crow Wing: http://www.co.crow-wing.mn.us/
Dakota: https://www.co.dakota.mn.us/
Dodge: http://www.co.dodge.mn.us/
Douglas   : http://www.co.douglas.mn.us/
Faribault: http://www.co.faribault.mn.us/
Fillmore: http://www.co.fillmore.mn.us/
Freeborn: http://www.co.freeborn.mn.us/
Goodhue: http://www.co.goodhue.mn.us/
Grant: http://www.co.grant.mn.us/
Hennepin: https://www.hennepin.us
Houston: https://www.co.houston.mn.us/
Hubbard: http://www.co.hubbard.mn.us/
Isanti: https://www.co.isanti.mn.us/
Itasca: http://www.co.itasca.mn.us/
Jackson: https://www.cityofjacksonmn.com
Kanabec: https://www.kanabeccounty.org/
Kandiyohi: http://www.co.kandiyohi.mn.us/
Kittson: https://www.co.kittson.mn.us/
Koochiching: http://www.co.koochiching.mn.us/
Lac qui Parle: http://www.lqpco.com/
Lake: http://www.co.lake.mn.us/
Lake of the Woods: http://www.co.lake-of-the-woods.mn.us/
Le Sueur: http://www.co.le-sueur.mn.us/
Lincoln: http://www.co.lincoln.mn.us/
Lyon: http://www.lyonco.org/
Mahnomen: http://www.co.mahnomen.mn.us/
Marshall: https://www.co.marshall.mn.us/
Martin: http://www.co.martin.mn.us/
McLeod: http://www.co.mcleod.mn.us/
Meeker: http://www.co.meeker.mn.us/
Mille Lacs: http://www.co.mille-lacs.mn.us/
Morrison: http://www.co.morrison.mn.us/
Mower: http://www.co.mower.mn.us/
Murray: http://www.murray-countymn.com/
Nicollet: http://www.co.nicollet.mn.us/
Nobles: https://www.co.nobles.mn.us/
Norman: http://www.co.norman.mn.us/
Olmsted: http://www.olmstedcounty.com/
Otter Tail: https://ottertailcountymn.us/
Pennington: https://co.pennington.mn.us/
Pine: https://www.pinecountymn.gov/
Pipestone: https://www.pipestone-county.com/
Polk: http://www.co.polk.mn.us/
Pope: http://www.co.pope.mn.us/
Ramsey: https://www.ramseycounty.us/home
Red Lake: https://www.co.red-lake.mn.us/
Redwood: http://www.co.redwood.mn.us/
Renville: http://www.renvillecountymn.com/
Rice: http://www.co.rice.mn.us/
Rock: http://www.co.rock.mn.us/
Roseau: http://co.roseau.mn.us/
Scott: http://www.scottcountymn.gov/
Sherburne: http://www.co.sherburne.mn.us/
Sibley: http://www.co.sibley.mn.us/
St. Louis: http://www.stlouiscountymn.gov/
Stearns: http://www.co.stearns.mn.us/
Steele: http://www.co.steele.mn.us/
Stevens: http://www.co.stevens.mn.us/
Swift: http://www.swiftcounty.com/
Todd: http://www.co.todd.mn.us/
Traverse: https://www.co.traverse.mn.us/
Wabasha: http://www.co.wabasha.mn.us/
Wadena: http://www.co.wadena.mn.us/
Waseca: http://www.co.waseca.mn.us/
Washington: https://co.washington.mn.us/
Watonwan: https://www.co.watonwan.mn.us/
Wilkin: http://www.co.wilkin.mn.us/
Winona: https://www.co.winona.mn.us/
Wright: http://www.co.wright.mn.us/
Yellow Medicine: https://www.co.ym.mn.gov/
